observation_date,unemployment_rate,fed_funds_rate,ten_year_treasury,three_month_tbill,industrial_production,recession,Inflation_rate
1971-01-01,5.9,4.14,6.24,4.44,37.5753,0,5.277044854881274
1971-02-01,5.9,3.72,6.11,3.7,37.5037,0,4.724409448818889
1971-03-01,6.0,3.71,5.7,3.38,37.4631,0,4.438642297650142
1971-04-01,5.9,4.16,5.83,3.86,37.6735,0,4.155844155844157
1971-05-01,5.9,4.63,6.39,4.14,37.8646,0,4.404145077720201
1971-06-01,5.9,4.91,6.52,4.75,38.0234,0,4.381443298969079
1971-07-01,6.0,5.31,6.73,5.4,37.9131,0,4.370179948586128
1971-08-01,6.1,5.57,6.58,4.94,37.693,0,4.358974358974366
1971-09-01,6.0,5.55,6.14,4.69,38.3056,0,4.081632653061207
1971-10-01,5.8,5.2,5.93,4.46,38.5924,0,3.8071065989847774
1971-11-01,6.0,4.91,5.81,4.22,38.7561,0,3.535353535353525
1971-12-01,6.0,4.14,5.93,4.01,39.2035,0,3.266331658291466
1972-01-01,5.8,3.51,5.95,3.38,40.1408,0,3.2581453634085378
1972-02-01,5.7,3.3,6.08,3.2,40.5459,0,3.759398496240607
1972-03-01,5.8,3.83,6.07,3.73,40.8263,0,3.499999999999992
1972-04-01,5.7,4.17,6.19,3.71,41.2348,0,3.4912718204488824
1972-05-01,5.7,4.27,6.13,3.69,41.2405,0,3.2258064516129226
1972-06-01,5.7,4.46,6.11,3.91,41.3497,0,2.9629629629629672
1972-07-01,5.6,4.55,6.11,3.98,41.3035,0,2.9556650246305383
1972-08-01,5.6,4.81,6.21,4.02,41.879,0,2.9484029484029284
1972-09-01,5.5,4.87,6.55,4.66,42.2132,0,3.1862745098039325
1972-10-01,5.6,5.05,6.48,4.74,42.7494,0,3.1784841075794823
1972-11-01,5.3,5.06,6.28,4.78,43.2548,0,3.4146341463414664
1972-12-01,5.2,5.33,6.36,5.07,43.7367,0,3.406326034063256
1973-01-01,4.9,5.94,6.46,5.41,44.0529,0,3.6407766990291357
1973-02-01,5.0,6.58,6.64,5.6,44.6827,0,3.864734299516903
1973-03-01,4.9,7.09,6.71,6.09,44.7045,0,4.8309178743961345
1973-04-01,5.0,7.12,6.67,6.26,44.6387,0,5.301204819277117
1973-05-01,4.9,7.84,6.85,6.36,44.9429,0,5.528846153846145
1973-06-01,4.9,8.49,6.9,7.19,45.0035,0,5.995203836930463
1973-07-01,4.8,10.4,7.13,8.01,45.1636,0,5.741626794258381
1973-08-01,4.8,10.5,7.4,8.67,45.1019,0,7.398568019093088
1973-09-01,4.8,10.78,7.09,8.29,45.4624,0,7.3634204275534465
1973-10-01,4.6,10.01,6.79,7.22,45.847,0,8.056872037914697
1973-11-01,4.8,10.03,6.73,7.83,46.0553,0,8.25471698113207
1973-12-01,4.9,9.95,6.74,7.45,45.923,1,8.94117647058823
1974-01-01,5.1,9.65,6.99,7.77,45.6204,1,9.601873536299754
1974-02-01,5.2,8.97,6.96,7.12,45.4759,1,9.999999999999986
1974-03-01,5.1,9.35,7.21,7.96,45.4777,1,10.138248847926267
1974-04-01,5.1,10.51,7.51,8.33,45.3451,1,10.068649885583515
1974-05-01,5.1,11.31,7.58,8.23,45.7044,1,10.70615034168565
1974-06-01,5.4,11.93,7.54,7.9,45.6238,1,10.859728506787313
1974-07-01,5.5,12.92,7.81,7.55,45.7221,1,11.538461538461519
1974-08-01,5.5,12.01,8.04,8.96,45.2366,1,10.888888888888882
1974-09-01,5.9,11.34,8.04,8.06,45.2365,1,11.946902654867241
1974-10-01,6.0,10.06,7.9,7.46,45.1133,1,11.842105263157897
1974-11-01,6.6,9.45,7.68,7.47,43.6278,1,12.200435729847502
1974-12-01,7.2,8.53,7.43,7.15,42.0533,1,12.095032397408211
1975-01-01,8.1,7.13,7.5,6.26,41.4676,1,11.752136752136755
1975-02-01,8.1,6.24,7.39,5.5,40.5165,1,11.205073995771686
1975-03-01,8.6,5.54,7.73,5.49,40.0638,1,10.460251046025103
1975-04-01,8.8,5.49,8.23,5.61,40.1573,0,10.187110187110182
1975-05-01,9.0,5.22,8.06,5.23,40.0253,0,9.259259259259256
1975-06-01,8.8,5.55,7.86,5.34,40.2772,0,9.183673469387754
1975-07-01,8.6,6.1,8.06,6.13,40.6994,0,9.533468559837743
1975-08-01,8.4,6.14,8.4,6.44,41.0998,0,8.617234468937895
1975-09-01,8.4,6.24,8.43,6.42,41.6304,0,7.905138339920947
1975-10-01,8.4,5.82,8.14,5.96,41.8135,0,7.647058823529407
1975-11-01,8.3,5.22,8.05,5.48,41.8697,0,7.37864077669903
1975-12-01,8.2,5.2,8.0,5.44,42.4414,0,7.129094412331405
1976-01-01,7.9,4.87,7.74,4.87,43.0012,0,6.692160611854692
1976-02-01,7.7,4.77,7.79,4.88,43.4229,0,6.273764258555126
1976-03-01,7.6,4.84,7.73,5.0,43.5168,0,6.060606060606055
1976-04-01,7.7,4.82,7.56,4.86,43.7327,0,5.849056603773595
1976-05-01,7.4,5.29,7.9,5.2,43.9186,0,6.214689265536721
1976-06-01,7.6,5.48,7.86,5.41,43.9637,0,5.981308411214958
1976-07-01,7.8,5.31,7.83,5.23,44.2141,0,5.555555555555558
1976-08-01,7.8,5.29,7.77,5.14,44.5182,0,5.719557195571956
1976-09-01,7.6,5.25,7.59,5.08,44.6721,0,5.494505494505497
1976-10-01,7.7,5.02,7.41,4.92,44.6585,0,5.464480874316946
1976-11-01,7.8,4.95,7.29,4.75,45.3392,0,5.063291139240511
1976-12-01,7.8,4.65,6.87,4.35,45.8294,0,5.035971223021574
1977-01-01,7.5,4.61,7.21,4.62,45.5087,0,5.197132616487465
1977-02-01,7.6,4.68,7.39,4.67,46.2277,0,6.082289803220031
1977-03-01,7.4,4.69,7.46,4.6,46.8185,0,6.428571428571428
1977-04-01,7.2,4.73,7.37,4.54,47.2684,0,6.951871657754016
1977-05-01,7.0,5.35,7.46,4.96,47.6411,0,6.737588652482285
1977-06-01,7.2,5.39,7.28,5.02,48.0116,0,6.701940035273357
1977-07-01,6.9,5.42,7.33,5.19,48.073,0,6.666666666666665
1977-08-01,7.0,5.9,7.4,5.49,48.1205,0,6.631762652705064
1977-09-01,6.8,6.14,7.34,5.81,48.3189,0,6.423611111111094
1977-10-01,6.8,6.47,7.52,6.16,48.3871,0,6.390328151986191
1977-11-01,6.8,6.51,7.58,6.1,48.4761,0,6.712564543889843
1977-12-01,6.4,6.56,7.69,6.07,48.5629,0,6.67808219178081
1978-01-01,6.4,6.7,7.96,6.44,47.8481,0,6.814310051107331
1978-02-01,6.3,6.78,8.03,6.45,48.1044,0,6.2394603709949426
1978-03-01,6.3,6.79,8.04,6.29,49.0265,0,6.375838926174482
1978-04-01,6.1,6.89,8.15,6.29,50.0206,0,6.499999999999995
1978-05-01,6.0,7.36,8.35,6.41,50.254,0,7.14285714285714
1978-06-01,5.9,7.6,8.46,6.73,50.5801,0,7.438016528925617
1978-07-01,6.2,7.81,8.64,7.01,50.5384,0,7.7302631578947345
1978-08-01,5.9,8.04,8.41,7.08,50.7458,0,7.855973813420625
1978-09-01,6.0,8.45,8.42,7.85,50.8744,0,8.482871125611746
1978-10-01,5.8,8.96,8.64,7.99,51.2559,0,8.92857142857142
1978-11-01,5.9,9.76,8.81,8.64,51.6514,0,8.870967741935477
1978-12-01,6.0,10.03,9.01,9.08,51.909,0,8.988764044943842
1979-01-01,5.9,10.07,9.1,9.35,51.6278,0,9.250398724082931
1979-02-01,5.9,10.06,9.1,9.32,51.8752,0,9.84126984126985
1979-03-01,5.8,10.09,9.12,9.48,52.0446,0,10.252365930599371
1979-04-01,5.8,10.01,9.18,9.46,51.4193,0,10.485133020344284
1979-05-01,5.6,10.24,9.25,9.61,51.8856,0,10.697674418604652
1979-06-01,5.7,10.29,8.91,9.06,51.8965,0,11.076923076923073
1979-07-01,5.7,10.47,8.95,9.24,51.8097,0,11.45038167938932
1979-08-01,6.0,10.94,9.03,9.52,51.4684,0,11.836115326251884
1979-09-01,5.9,11.43,9.33,10.26,51.4597,0,11.879699248120312
1979-10-01,6.0,13.77,10.3,11.7,51.8334,0,12.071535022354718
1979-11-01,5.9,13.18,10.65,11.79,51.7531,0,12.592592592592599
1979-12-01,6.0,13.78,10.39,12.04,51.7878,0,13.254786450662737
1980-01-01,6.3,13.82,10.8,12.0,52.0679,0,13.868613138686126
1980-02-01,6.3,14.13,12.41,12.86,52.082,1,14.161849710982644
1980-03-01,6.3,17.19,12.75,15.2,51.87,1,14.592274678111572
1980-04-01,6.9,17.61,11.47,13.2,50.8397,1,14.589235127478762
1980-05-01,7.5,10.98,10.18,8.58,49.589,1,14.425770308123242
1980-06-01,7.6,9.47,9.78,7.07,48.9482,1,14.265927977839322
1980-07-01,7.8,9.03,10.25,8.06,48.6039,1,13.15068493150684
1980-08-01,7.7,9.61,11.1,9.13,48.7563,0,12.890094979647216
1980-09-01,7.5,10.87,11.51,10.27,49.5608,0,12.768817204301076
1980-10-01,7.5,12.81,11.75,11.62,50.1908,0,12.632978723404253
1980-11-01,7.5,15.85,12.68,13.73,51.0311,0,12.631578947368416
1980-12-01,7.2,18.9,12.84,15.49,51.3708,0,12.353706111833551
1981-01-01,7.5,19.08,12.57,15.02,51.0415,0,11.794871794871797
1981-02-01,7.4,15.93,13.19,14.79,50.824,0,11.392405063291132
1981-03-01,7.4,14.7,13.12,13.36,51.0826,0,10.611735330836458
1981-04-01,7.2,15.72,13.68,13.69,50.858,0,10.135970333745359
1981-05-01,7.5,18.52,14.1,16.3,51.1495,0,9.79192166462668
1981-06-01,7.5,19.1,13.47,14.73,51.4101,0,9.696969696969692
1981-07-01,7.2,19.04,14.28,14.95,51.7471,0,10.774818401937058
1981-08-01,7.4,17.82,14.94,15.51,51.6826,1,10.817307692307686
1981-09-01,7.6,15.87,15.32,14.7,51.4337,1,10.96543504171632
1981-10-01,7.9,15.08,15.15,13.54,51.0281,1,10.271546635182993
1981-11-01,8.3,13.31,13.39,10.86,50.435,1,9.579439252336464
1981-12-01,8.5,12.37,13.72,10.85,49.8987,1,8.912037037037024
1982-01-01,8.6,13.22,14.59,12.28,48.8685,1,8.25688073394495
1982-02-01,8.9,14.78,14.43,13.48,49.8636,1,7.613636363636367
1982-03-01,9.0,14.68,13.86,12.68,49.5323,1,6.884875846501148
1982-04-01,9.3,14.94,13.87,12.7,49.075,1,6.621773288439958
1982-05-01,9.4,14.45,13.62,12.09,48.7483,1,6.911928651059096
1982-06-01,9.6,14.15,14.3,12.47,48.6214,1,7.182320441988943
1982-07-01,9.8,12.59,13.95,11.35,48.4616,1,6.557377049180335
1982-08-01,9.8,10.12,13.06,8.68,48.0192,1,5.965292841648595
1982-09-01,10.1,10.31,12.34,7.92,47.9008,1,4.940923737916236
1982-10-01,10.4,9.71,10.91,7.71,47.4371,1,5.032119914346889
1982-11-01,10.8,9.2,10.55,8.07,47.283,1,4.47761194029852
1982-12-01,10.8,8.95,10.54,7.94,46.9485,0,3.825717321997879
1983-01-01,10.4,8.68,10.46,7.86,47.8234,0,3.7076271186440746
1983-02-01,10.4,8.51,10.72,8.11,47.5233,0,3.484688489968324
1983-03-01,10.3,8.77,10.51,8.35,47.9244,0,3.5902851108764455
1983-04-01,10.2,8.8,10.4,8.21,48.5311,0,4.0000000000000036
1983-05-01,10.1,8.63,10.38,8.19,48.8239,0,3.44108446298228
1983-06-01,10.1,8.98,10.85,8.79,49.123,0,2.4742268041237248
1983-07-01,9.4,9.37,11.38,9.08,49.8546,0,2.358974358974364
1983-08-01,9.5,9.56,11.85,9.34,50.4443,0,2.456499488229258
1983-09-01,9.2,9.45,11.65,9.0,51.178,0,2.763561924257929
1983-10-01,8.8,9.48,11.54,8.64,51.5693,0,2.752293577981657
1983-11-01,8.5,9.34,11.69,8.76,51.7993,0,3.1632653061224536
1983-12-01,8.3,9.47,11.83,9.0,52.0594,0,3.7871033776867957
1984-01-01,8.0,9.56,11.67,8.9,53.0985,0,4.290091930541351
1984-02-01,7.8,9.59,11.84,9.09,53.3318,0,4.693877551020398
1984-03-01,7.8,9.91,12.32,9.52,53.5929,0,4.892966360856277
1984-04-01,7.7,10.29,12.63,9.69,53.91,0,4.5546558704453455
1984-05-01,7.4,10.32,13.41,9.83,54.2026,0,4.3346774193548265
1984-06-01,7.2,11.06,13.56,9.87,54.4014,0,4.325955734406439
1984-07-01,7.5,11.23,13.36,10.12,54.5521,0,4.308617234468937
1984-08-01,7.5,11.64,12.72,10.47,54.6083,0,4.295704295704317
1984-09-01,7.3,11.3,12.52,10.37,54.4466,0,4.2828685258964105
1984-10-01,7.4,9.99,12.16,9.74,54.4406,0,4.265873015873023
1984-11-01,7.2,9.43,11.57,8.61,54.624,0,4.154302670623156
1984-12-01,7.3,8.38,11.5,8.06,54.6416,0,4.043392504930954
1985-01-01,7.3,8.35,11.38,7.76,54.6322,0,3.52595494613126
1985-02-01,7.2,8.5,11.51,8.27,54.7825,0,3.6062378167641462
1985-03-01,7.2,8.58,11.86,8.52,54.8653,0,3.790087463556846
1985-04-01,7.3,8.27,11.43,7.95,54.7459,0,3.581800580832528
1985-05-01,7.2,7.97,10.85,7.48,54.8255,0,3.5748792270531515
1985-06-01,7.4,7.53,10.16,6.95,54.7989,0,3.6644165863066513
1985-07-01,7.4,7.88,10.31,7.08,54.5396,0,3.458213256484166
1985-08-01,7.1,7.9,10.33,7.14,54.7055,0,3.3524904214559337
1985-09-01,7.1,7.92,10.37,7.1,54.8906,0,3.2473734479465
1985-10-01,7.1,7.99,10.24,7.16,54.7199,0,3.2350142721217834
1985-11-01,7.0,8.05,9.78,7.24,54.9124,0,3.5137701804368593
1985-12-01,7.0,8.27,9.26,7.1,55.4412,0,3.791469194312791
1986-01-01,6.7,8.14,9.19,7.07,55.7481,0,3.9735099337748325
1986-02-01,7.2,7.86,8.7,7.06,55.3568,0,3.19849482596426
1986-03-01,7.2,7.48,7.78,6.56,54.9625,0,2.1535580524344455
1986-04-01,7.1,6.99,7.3,6.06,55.0413,0,1.5887850467289688
1986-05-01,7.2,6.85,7.71,6.15,55.1226,0,1.679104477611948
1986-06-01,7.2,6.92,7.8,6.21,54.9005,0,1.7674418604651132
1986-07-01,7.0,6.56,7.3,5.83,55.2592,0,1.671309192200554
1986-08-01,6.9,6.17,7.17,5.53,55.1567,0,1.575532900834098
1986-09-01,7.0,5.89,7.45,5.21,55.2975,0,1.757631822386685
1986-10-01,7.0,5.85,7.43,5.18,55.5332,0,1.5668202764977046
1986-11-01,6.9,6.04,7.25,5.35,55.7557,0,1.2844036697247763
1986-12-01,6.6,6.91,7.11,5.53,56.2845,0,1.187214611872145
1987-01-01,6.6,6.43,7.08,5.43,56.0882,0,1.364877161055511
1987-02-01,6.6,6.1,7.25,5.59,56.8275,0,1.9143117593436676
1987-03-01,6.6,6.13,7.25,5.59,56.9098,0,2.8414298808432603
1987-04-01,6.3,6.37,8.02,5.64,57.2701,0,3.679852805887762
1987-05-01,6.3,6.85,8.61,5.66,57.6322,0,3.669724770642202
1987-06-01,6.2,6.73,8.4,5.67,57.9307,0,3.7477148080438782
1987-07-01,6.1,6.58,8.45,5.69,58.3258,0,3.926940639269394
1987-08-01,6.0,6.73,8.76,6.04,58.7636,0,4.2883211678832245
1987-09-01,5.9,7.22,9.42,6.4,58.9951,0,4.2727272727272725
1987-10-01,6.0,7.29,9.52,6.13,59.781,0,4.355716878402904
1987-11-01,5.8,6.69,8.86,5.69,60.0726,0,4.528985507246386
1987-12-01,5.7,6.77,8.99,5.77,60.4095,0,4.332129963898912
1988-01-01,5.7,6.83,8.67,5.81,60.3976,0,4.129263913824044
1988-02-01,5.7,6.58,8.21,5.66,60.7003,0,3.9355992844364973
1988-03-01,5.7,6.58,8.37,5.7,60.8501,0,3.832442067736186
1988-04-01,5.4,6.87,8.72,5.91,61.2031,0,3.9929015084294583
1988-05-01,5.6,7.09,9.09,6.26,61.0797,0,3.9823008849557473
1988-06-01,5.4,7.51,8.92,6.46,61.2569,0,3.96475770925111
1988-07-01,5.4,7.75,9.06,6.73,61.2659,0,4.130052724077338
1988-08-01,5.6,8.01,9.26,7.06,61.5731,0,4.111986001749779
1988-09-01,5.4,8.19,8.98,7.24,61.3807,0,4.184829991281602
1988-10-01,5.4,8.3,8.8,7.35,61.6453,0,4.260869565217407
1988-11-01,5.3,8.35,8.96,7.76,61.7944,0,4.246100519930662
1988-12-01,5.3,8.76,9.11,8.07,62.0743,0,4.4117647058823595
1989-01-01,5.4,9.12,9.09,8.27,62.2574,0,4.482758620689653
1989-02-01,5.2,9.36,9.17,8.53,61.9819,0,4.647160068846801
1989-03-01,5.0,9.85,9.36,8.82,62.1369,0,4.892703862660941
1989-04-01,5.2,9.84,9.18,8.65,62.1276,0,5.034129692832767
1989-05-01,5.2,9.81,8.86,8.43,61.7744,0,5.276595744680845
1989-06-01,5.3,9.53,8.28,8.15,61.7697,0,5.1694915254237195
1989-07-01,5.2,9.24,8.02,7.88,61.1738,0,5.063291139240511
1989-08-01,5.2,8.99,8.11,7.9,61.7732,0,4.621848739495804
1989-09-01,5.3,9.02,8.19,7.75,61.5796,0,4.435146443514637
1989-10-01,5.3,8.84,8.01,7.64,61.4966,0,4.587155963302747
1989-11-01,5.4,8.55,7.87,7.69,61.7044,0,4.655029093931851
1989-12-01,5.4,8.45,7.84,7.63,62.0428,0,4.639602319801162
1990-01-01,5.4,8.23,8.21,7.64,61.729,0,5.198019801980203
1990-02-01,5.3,8.24,8.47,7.74,62.2896,0,5.263157894736836
1990-03-01,5.2,8.28,8.59,7.9,62.5999,0,5.237315875613735
1990-04-01,5.4,8.26,8.79,7.77,62.4359,0,4.711616571892785
1990-05-01,5.4,8.18,8.76,7.74,62.6258,0,4.365400161681476
1990-06-01,5.2,8.29,8.48,7.73,62.8382,0,4.673650282030639
1990-07-01,5.5,8.15,8.47,7.62,62.7284,0,4.819277108433728
1990-08-01,5.7,8.13,8.75,7.45,62.9475,1,5.702811244979911
1990-09-01,5.9,8.2,8.89,7.36,62.9523,1,6.169871794871806
1990-10-01,5.9,8.11,8.72,7.17,62.5845,1,6.379585326953752
1990-11-01,6.2,7.81,8.39,7.06,61.7887,1,6.195393169181873
1990-12-01,6.3,7.31,8.08,6.74,61.3352,1,6.254948535233562
1991-01-01,6.4,6.91,8.09,6.22,61.1355,1,5.647058823529405
1991-02-01,6.6,6.25,7.85,5.94,60.6838,1,5.312500000000009
1991-03-01,6.8,6.12,8.11,5.91,60.3346,1,4.821150855365497
1991-04-01,6.7,5.91,8.04,5.65,60.4938,0,4.809930178432875
1991-05-01,6.9,5.78,8.07,5.46,61.0633,0,5.034856700232382
1991-06-01,6.9,5.9,8.28,5.57,61.5581,0,4.695919938414161
1991-07-01,6.8,5.82,8.27,5.58,61.7305,0,4.367816091954024
1991-08-01,6.9,5.66,7.9,5.33,61.7298,0,3.7993920972644313
1991-09-01,6.9,5.45,7.65,5.22,62.2195,0,3.396226415094339
1991-10-01,7.0,5.21,7.53,4.99,62.1855,0,2.8485757121439192
1991-11-01,7.0,4.81,7.42,4.56,62.0871,0,3.0665669409125185
1991-12-01,7.3,4.43,7.09,4.07,61.7852,0,2.980625931445613
1992-01-01,7.3,4.03,7.03,3.8,61.4616,0,2.672605790645899
1992-02-01,7.4,4.06,7.34,3.84,61.8955,0,2.8189910979228294
1992-03-01,7.4,3.98,7.54,4.04,62.4232,0,3.189910979228472
1992-04-01,7.4,3.73,7.48,3.75,62.897,0,3.1828275351591495
1992-05-01,7.6,3.82,7.39,3.63,63.104,0,3.0235988200590036
1992-06-01,7.8,3.76,7.26,3.66,63.1363,0,3.0147058823529305
1992-07-01,7.7,3.25,6.84,3.21,63.7176,0,3.1571218795888534
1992-08-01,7.6,3.3,6.59,3.13,63.3613,0,3.0746705710102518
1992-09-01,7.6,3.22,6.42,2.91,63.5703,0,2.9927007299270114
1992-10-01,7.3,3.1,6.59,2.86,63.9995,0,3.279883381924198
1992-11-01,7.4,3.09,6.87,3.13,64.2422,0,3.1204644412191396
1992-12-01,7.4,2.92,6.77,3.22,64.3507,0,2.966714905933454
1993-01-01,7.3,3.02,6.6,3.0,64.5978,0,3.2537960954446943
1993-02-01,7.1,3.03,6.26,2.93,64.9089,0,3.2467532467532534
1993-03-01,7.0,3.07,5.98,2.95,64.8522,0,3.0194104960460155
1993-04-01,7.1,2.96,5.97,2.87,65.0301,0,3.1563845050215145
1993-05-01,7.1,3.0,6.04,2.96,64.784,0,3.2211882605583497
1993-06-01,7.0,3.04,5.96,3.07,64.9301,0,2.9978586723768963
1993-07-01,6.9,3.06,5.81,3.04,65.1052,0,2.8469750889679624
1993-08-01,6.8,3.03,5.68,3.02,65.0267,0,2.840909090909083
1993-09-01,6.7,3.09,5.36,2.95,65.3717,0,2.7639971651311157
1993-10-01,6.8,2.99,5.33,3.02,65.8509,0,2.752293577981657
1993-11-01,6.6,3.02,5.72,3.1,66.1518,0,2.7445460942997935
1993-12-01,6.5,2.96,5.77,3.06,66.5436,0,2.8109627547435068
1994-01-01,6.6,3.05,5.75,2.98,66.7351,0,2.450980392156854
1994-02-01,6.6,3.25,5.97,3.25,66.774,0,2.515723270440251
1994-03-01,6.5,3.34,6.48,3.5,67.4552,0,2.6517794836008246
1994-04-01,6.4,3.56,6.97,3.68,67.8541,0,2.364394993045882
1994-05-01,6.1,4.01,7.18,4.14,68.1663,0,2.288488210818307
1994-06-01,6.1,4.25,7.1,4.14,68.6265,0,2.494802494802495
1994-07-01,6.1,4.26,7.3,4.33,68.7178,0,2.69896193771626
1994-08-01,6.0,4.47,7.24,4.48,69.1785,0,2.900552486187835
1994-09-01,5.9,4.73,7.46,4.62,69.3961,0,2.965517241379323
1994-10-01,5.8,4.76,7.74,4.95,69.9544,0,2.609890109890123
1994-11-01,5.6,5.29,7.96,5.29,70.4326,0,2.602739726027403
1994-12-01,5.5,5.45,7.81,5.6,71.1523,0,2.597402597402576
1995-01-01,5.6,5.53,7.78,5.71,71.2734,0,2.8708133971291794
1995-02-01,5.4,5.92,7.47,5.77,71.193,0,2.862985685071595
1995-03-01,5.4,5.98,7.2,5.73,71.3113,0,2.7872195785180187
1995-04-01,5.8,6.05,7.06,5.65,71.1882,0,3.125000000000022
1995-05-01,5.6,6.01,6.63,5.67,71.5378,0,3.1186440677966054
1995-06-01,5.6,6.0,6.17,5.47,71.7749,0,3.0425963488843744
1995-07-01,5.7,5.85,6.28,5.42,71.4748,0,2.8301886792452713
1995-08-01,5.7,5.74,6.49,5.4,72.4223,0,2.6174496644295386
1995-09-01,5.6,5.8,6.2,5.28,72.7144,0,2.54521098459477
1995-10-01,5.5,5.76,6.04,5.28,72.5866,0,2.7443105756358666
1995-11-01,5.6,5.8,5.93,5.36,72.7779,0,2.603471295060067
1995-12-01,5.6,5.6,5.71,5.14,73.0305,0,2.5316455696202667
1996-01-01,5.6,5.56,5.65,5.0,72.6125,0,2.7906976744185963
1996-02-01,5.5,5.22,5.81,4.83,73.6752,0,2.717031146454607
1996-03-01,5.5,5.31,6.27,4.96,73.585,0,2.8439153439153486
1996-04-01,5.6,5.22,6.51,4.95,74.3172,0,2.832674571805005
1996-05-01,5.6,5.24,6.74,5.02,74.8726,0,2.827087442472065
1996-06-01,5.3,5.27,6.91,5.09,75.4433,0,2.8215223097112663
1996-07-01,5.5,5.4,6.87,5.15,75.4549,0,2.8833551769331667
1996-08-01,5.1,5.22,6.64,5.05,75.8411,0,2.8122956180510084
1996-09-01,5.2,5.3,6.83,5.09,76.3158,0,3.0045721750489918
1996-10-01,5.2,5.24,6.53,4.99,76.3384,0,3.0618892508143203
1996-11-01,5.4,5.31,6.2,5.03,77.0397,0,3.2530904359141077
1996-12-01,5.4,5.29,6.3,4.91,77.5333,0,3.378817413905133
1997-01-01,5.3,5.25,6.58,5.03,77.6562,0,3.0381383322559907
1997-02-01,5.2,5.19,6.42,5.01,78.5833,0,3.0322580645161246
1997-03-01,5.2,5.39,6.69,5.14,79.082,0,2.7652733118971096
1997-04-01,5.1,5.51,6.89,5.16,79.1747,0,2.434336963484962
1997-05-01,4.9,5.5,6.71,5.05,79.6133,0,2.237851662404089
1997-06-01,5.0,5.56,6.49,4.93,79.9792,0,2.233567326100827
1997-07-01,4.9,5.52,6.22,5.05,80.6624,0,2.165605095541401
1997-08-01,4.8,5.54,6.3,5.14,81.4694,0,2.2900763358778775
1997-09-01,4.9,5.54,6.21,4.95,82.2156,0,2.21940393151554
1997-10-01,4.7,5.5,6.03,4.97,82.9446,0,2.0859671302149163
1997-11-01,4.6,5.52,5.88,5.14,83.5978,0,1.8903591682419618
1997-12-01,4.7,5.5,5.81,5.16,83.9538,0,1.6970458830924073
1998-01-01,4.6,5.56,5.54,5.04,84.3218,0,1.6311166875784044
1998-02-01,4.6,5.51,5.57,5.09,84.4583,0,1.440200375704448
1998-03-01,4.7,5.49,5.65,5.03,84.488,0,1.3767209011263937
1998-04-01,4.3,5.45,5.64,4.95,84.7779,0,1.4383989993745905
1998-05-01,4.4,5.49,5.65,5.0,85.3367,0,1.6885553470919357
1998-06-01,4.5,5.56,5.5,4.98,84.8248,0,1.6229712858926382
1998-07-01,4.5,5.54,5.46,4.96,84.4986,0,1.74563591022443
1998-08-01,4.5,5.55,5.34,4.9,86.248,0,1.6169154228855787
1998-09-01,4.6,5.51,4.81,4.61,86.2021,0,1.4267990074441794
1998-10-01,4.5,5.07,4.53,3.96,86.7914,0,1.4860681114551078
1998-11-01,4.4,4.83,4.83,4.41,86.7256,0,1.4842300556586308
1998-12-01,4.4,4.68,4.65,4.39,87.1185,0,1.606922126081578
1999-01-01,4.3,4.63,4.72,4.34,87.4949,0,1.6666666666666607
1999-02-01,4.4,4.76,5.0,4.44,88.027,0,1.6666666666666607
1999-03-01,4.2,4.81,5.23,4.44,88.2267,0,1.7283950617283939
1999-04-01,4.3,4.74,5.18,4.29,88.4295,0,2.281134401972884
1999-05-01,4.2,4.74,5.54,4.5,88.9886,0,2.091020910209096
1999-06-01,4.3,4.76,5.9,4.57,88.9188,0,1.9656019656019597
1999-07-01,4.3,4.99,5.79,4.55,89.4333,0,2.1446078431372584
1999-08-01,4.2,5.07,5.94,4.72,89.7924,0,2.2643818849449104
1999-09-01,4.2,5.22,5.92,4.68,89.4299,0,2.629969418960254
1999-10-01,4.1,5.2,6.11,4.86,90.523,0,2.56253813300793
1999-11-01,4.1,5.42,6.03,5.07,90.9618,0,2.6203534430225606
1999-12-01,4.0,5.3,6.28,5.2,91.6634,0,2.676399026763998
2000-01-01,4.0,5.45,6.66,5.32,91.538,0,2.792956891317555
2000-02-01,4.1,5.73,6.52,5.55,91.8239,0,3.2179720704310855
2000-03-01,4.0,5.85,6.26,5.69,92.1504,0,3.762135922330101
2000-04-01,3.8,6.02,5.99,5.66,92.6989,0,3.013863773357439
2000-05-01,4.0,6.27,6.44,5.79,92.9499,0,3.1325301204819134
2000-06-01,4.0,6.53,6.1,5.69,92.9862,0,3.7349397590361377
2000-07-01,4.0,6.54,6.05,5.96,92.8048,0,3.5992801439711952
2000-08-01,4.1,6.5,5.83,6.09,92.5521,0,3.3512866546977715
2000-09-01,3.9,6.52,5.8,6.0,92.9792,0,3.45649582836709
2000-10-01,3.9,6.51,5.74,6.11,92.6179,0,3.4503271861986873
2000-11-01,3.9,6.51,5.72,6.17,92.6438,0,3.444180522565321
2000-12-01,3.9,6.4,5.24,5.77,92.3415,0,3.4360189573459543
2001-01-01,4.2,5.98,5.16,5.15,91.902,0,3.7212049616065945
2001-02-01,4.2,5.49,5.1,4.88,91.3034,0,3.529411764705892
2001-03-01,4.3,5.31,4.89,4.42,91.1162,0,2.9824561403508643
2001-04-01,4.4,4.8,5.14,3.87,90.7891,1,3.2182562902282053
2001-05-01,4.3,4.21,5.39,3.62,90.3555,1,3.5630841121495394
2001-06-01,4.5,3.97,5.28,3.49,89.8784,1,3.193960511033689
2001-07-01,4.6,3.77,5.24,3.51,89.3028,1,2.7214823393167498
2001-08-01,4.9,3.65,4.97,3.36,89.2003,1,2.7214823393167498
2001-09-01,5.0,3.07,4.73,2.64,88.7485,1,2.5921658986175045
2001-10-01,5.3,2.49,4.57,2.16,88.5052,1,2.127659574468077
2001-11-01,5.5,2.09,4.65,1.87,87.97,1,1.894374282433997
2001-12-01,5.7,1.82,5.09,1.69,87.9324,0,1.603665521191311
2002-01-01,5.7,1.73,5.04,1.65,88.5176,0,1.1958997722095743
2002-02-01,5.7,1.74,4.91,1.72,88.5278,0,1.1363636363636465
2002-03-01,5.7,1.73,5.28,1.79,89.1686,0,1.3628620102214661
2002-04-01,5.9,1.75,5.21,1.71,89.604,0,1.643990929705219
2002-05-01,5.8,1.75,5.16,1.73,89.964,0,1.2408347433727984
2002-06-01,5.8,1.75,4.93,1.7,90.7061,0,1.0692177827799743
2002-07-01,5.8,1.73,4.65,1.68,90.6769,0,1.465614430665152
2002-08-01,5.7,1.74,4.26,1.62,90.5762,0,1.747463359639223
2002-09-01,5.7,1.75,3.87,1.63,90.6531,0,1.516002245929271
2002-10-01,5.7,1.75,3.94,1.58,90.4643,0,2.0270270270270174
2002-11-01,5.9,1.34,4.05,1.23,90.9711,0,2.2535211267605604
2002-12-01,6.0,1.24,4.03,1.19,90.4652,0,2.4802705749718212
2003-01-01,5.8,1.24,4.05,1.17,91.2361,0,2.757456387169399
2003-02-01,5.9,1.26,3.9,1.17,91.3445,0,3.146067415730336
2003-03-01,5.9,1.25,3.81,1.13,91.1044,0,3.025210084033625
2003-04-01,6.0,1.26,3.96,1.13,90.5617,0,2.175125488008911
2003-05-01,6.1,1.26,3.57,1.07,90.537,0,1.8941504178273005
2003-06-01,6.3,1.22,3.33,0.92,90.6527,0,1.948775055679297
2003-07-01,6.2,1.01,3.98,0.9,91.1185,0,2.055555555555544
2003-08-01,6.1,1.03,4.45,0.95,90.9197,0,2.216066481994461
2003-09-01,6.1,1.01,4.27,0.94,91.5059,0,2.378318584070782
2003-10-01,6.0,1.01,4.29,0.92,91.6186,0,2.041942604856528
2003-11-01,5.8,1.0,4.3,0.93,92.2329,0,1.9283746556473913
2003-12-01,5.7,0.98,4.27,0.9,92.2602,0,2.0352035203520247
2004-01-01,5.7,1.0,4.15,0.88,92.4006,0,2.026286966046009
2004-02-01,5.6,1.01,4.08,0.93,92.958,0,1.688453159041381
2004-03-01,5.8,1.0,3.83,0.94,92.5861,0,1.7400761283306032
2004-04-01,5.6,1.0,4.35,0.94,92.93,0,2.2925764192139875
2004-05-01,5.6,1.0,4.72,1.02,93.6013,0,2.8977583378895444
2004-06-01,5.6,1.03,4.73,1.27,92.871,0,3.1676679410158393
2004-07-01,5.5,1.26,4.5,1.33,93.5649,0,2.939575394665228
2004-08-01,5.4,1.43,4.28,1.48,93.6277,0,2.5474254742547275
2004-09-01,5.4,1.61,4.13,1.65,93.7467,0,2.5391680172879516
2004-10-01,5.5,1.76,4.1,1.76,94.5465,0,3.1909140075716547
2004-11-01,5.4,1.93,4.19,2.07,94.7813,0,3.621621621621607
2004-12-01,5.4,2.16,4.23,2.19,95.5365,0,3.3423180592991875
2005-01-01,5.3,2.28,4.22,2.33,95.8801,0,2.8448738593666034
2005-02-01,5.4,2.5,4.17,2.54,96.5761,0,3.0530262453133394
2005-03-01,5.2,2.63,4.5,2.74,96.4456,0,3.2068412613575736
2005-04-01,5.2,2.79,4.34,2.78,96.6532,0,3.3617929562433257
2005-05-01,5.1,3.0,4.14,2.84,96.7402,0,2.869287991498415
2005-06-01,5.0,3.04,4.0,2.97,97.1753,0,2.541026998411855
2005-07-01,5.0,3.26,4.18,3.22,96.8676,0,3.067160232681121
2005-08-01,4.9,3.5,4.26,3.44,97.1833,0,3.6469344608879517
2005-09-01,5.0,3.62,4.2,3.42,95.3005,0,4.741833508956805
2005-10-01,5.0,3.78,4.46,3.71,96.4572,0,4.350104821802936
2005-11-01,5.0,4.0,4.54,3.88,97.5414,0,3.3385498174230532
2005-12-01,4.9,4.16,4.47,3.89,98.0452,0,3.3385498174230532
2006-01-01,4.7,4.29,4.42,4.24,98.1999,0,4.018789144050117
2006-02-01,4.8,4.49,4.57,4.43,98.2413,0,3.63825363825363
2006-03-01,4.7,4.59,4.72,4.51,98.4628,0,3.4179181771103018
2006-04-01,4.7,4.79,4.99,4.6,98.7618,0,3.613835828600931
2006-05-01,4.6,4.94,5.11,4.72,98.7869,0,3.9772727272727293
2006-06-01,4.6,4.99,5.11,4.79,99.0997,0,4.1817243159525175
2006-07-01,4.7,5.24,5.09,4.95,99.0489,0,4.104669061056954
2006-08-01,4.7,5.25,4.88,4.96,99.4836,0,3.926568077511483
2006-09-01,4.5,5.25,4.72,4.81,99.3183,0,2.012072434607637
2006-10-01,4.4,5.25,4.73,4.92,99.2044,0,1.4063284781516971
2006-11-01,4.5,5.25,4.6,4.94,99.1627,0,1.9687026754164672
2006-12-01,4.4,5.24,4.56,4.85,100.1735,0,2.5239777889954462
2007-01-01,4.6,5.25,4.76,4.98,99.8346,0,2.075765178123423
2007-02-01,4.5,5.26,4.72,5.03,100.7753,0,2.420260782347028
2007-03-01,4.4,5.26,4.56,4.94,100.9547,0,2.798197295943927
2007-04-01,4.5,5.25,4.69,4.87,101.6334,0,2.5929247633283525
2007-05-01,4.4,5.25,4.75,4.73,101.7306,0,2.709885742672613
2007-06-01,4.6,5.25,5.1,4.61,101.7893,0,2.692765113974227
2007-07-01,4.7,5.26,5.0,4.82,101.6672,0,2.3178905864958077
2007-08-01,4.6,5.02,4.67,4.2,101.863,0,1.897448478900876
2007-09-01,4.7,4.94,4.52,3.89,102.0894,0,2.8338264299802685
2007-10-01,4.7,4.76,4.53,3.9,101.8015,0,3.610698365527476
2007-11-01,4.7,4.49,4.15,3.27,102.3446,0,4.373267326732666
2007-12-01,5.0,4.24,4.1,3.0,102.3803,0,4.108813392417532
2008-01-01,5.0,3.94,3.74,2.75,102.2448,1,4.294695655165981
2008-02-01,4.9,2.98,3.74,2.12,101.8438,1,4.142959270611968
2008-03-01,5.1,2.61,3.51,1.26,101.5336,1,3.9749035501344343
2008-04-01,5.0,2.28,3.68,1.29,100.8785,1,3.9037609759888126
2008-05-01,5.4,1.98,3.88,1.73,100.2674,1,4.088413823123993
2008-06-01,5.6,2.0,4.1,1.86,100.0335,1,4.935966105947864
2008-07-01,5.8,2.01,4.01,1.63,99.676,1,5.497512078341837
2008-08-01,6.1,2.0,3.89,1.72,98.1111,1,5.308017162091239
2008-09-01,6.1,1.81,3.69,1.13,93.7895,1,4.953319875136075
2008-10-01,6.5,0.97,3.81,0.67,94.7219,1,3.7310578899565128
2008-11-01,6.8,0.39,3.53,0.19,93.4715,1,1.0999174706166848
2008-12-01,7.3,0.16,2.42,0.03,90.8357,1,-0.02222800255385904
2009-01-01,7.8,0.15,2.52,0.13,88.57,1,-0.11358601902212717
2009-02-01,8.3,0.22,2.87,0.3,88.031,1,0.008463140671510772
2009-03-01,8.7,0.18,2.82,0.21,86.6528,1,-0.4464787676623838
2009-04-01,9.0,0.15,2.93,0.16,85.9344,1,-0.5763244243767063
2009-05-01,9.4,0.18,3.29,0.18,85.0665,1,-1.015761495855172
2009-06-01,9.5,0.21,3.72,0.18,84.7459,1,-1.2291746182109153
2009-07-01,9.5,0.16,3.56,0.18,85.7027,0,-1.9587610037622771
2009-08-01,9.6,0.16,3.59,0.17,86.6426,0,-1.4838355663267633
2009-09-01,9.8,0.15,3.4,0.12,87.4063,0,-1.377942862886472
2009-10-01,10.0,0.12,3.39,0.07,87.6419,0,-0.22396829420033848
2009-11-01,9.9,0.12,3.4,0.05,88.0221,0,1.9145871744709275
2009-12-01,9.9,0.12,3.59,0.05,88.3793,0,2.8141231232083674
2010-01-01,9.8,0.11,3.73,0.06,89.3426,0,2.6211113889767157
2010-02-01,9.8,0.13,3.69,0.11,89.6779,0,2.151336357866529
2010-03-01,9.9,0.16,3.73,0.15,90.2928,0,2.2861714393279886
2010-04-01,9.9,0.2,3.85,0.16,90.5991,0,2.2067707525304403
2010-05-01,9.6,0.2,3.42,0.16,91.823,0,2.003548929218568
2010-06-01,9.4,0.18,3.2,0.12,91.9928,0,1.1215605940686268
2010-07-01,9.4,0.18,3.01,0.16,92.3421,0,1.3407784804821077
2010-08-01,9.5,0.19,2.7,0.16,92.6805,0,1.1501775395112546
2010-09-01,9.5,0.19,2.65,0.15,92.9537,0,1.1183122472331775
2010-10-01,9.4,0.19,2.54,0.13,92.6903,0,1.1666951489314625
2010-11-01,9.8,0.19,2.76,0.14,92.7709,0,1.084544776600338
2010-12-01,9.3,0.18,3.29,0.14,93.6787,0,1.437793022217937
2011-01-01,9.1,0.17,3.39,0.15,93.4814,0,1.7007834915029774
2011-02-01,9.0,0.16,3.58,0.13,93.1102,0,2.124898173333145
2011-03-01,9.0,0.14,3.41,0.1,94.0788,0,2.619241510354109
2011-04-01,9.1,0.1,3.46,0.06,93.7749,0,3.0772344447868694
2011-05-01,9.0,0.09,3.17,0.04,93.888,0,3.4589718808964998
2011-06-01,9.1,0.09,3.0,0.04,94.172,0,3.5023181506360412
2011-07-01,9.0,0.07,3.0,0.04,94.636,0,3.5798809769996165
2011-08-01,9.0,0.1,2.3,0.02,95.2749,0,3.75499603070808
2011-09-01,9.0,0.08,1.98,0.01,95.1961,0,3.812621692818685
2011-10-01,8.8,0.07,2.15,0.02,95.8568,0,3.5222681306640524
2011-11-01,8.6,0.08,2.01,0.01,95.8485,0,3.451432214581729
2011-12-01,8.5,0.07,1.98,0.01,96.3571,0,3.062066838419386
2012-01-01,8.3,0.08,1.97,0.03,96.9318,0,3.0087663379855023
2012-02-01,8.3,0.1,1.97,0.09,97.2435,0,2.8981784423473878
2012-03-01,8.2,0.13,2.17,0.08,96.74,0,2.5828752813320977
2012-04-01,8.2,0.14,2.05,0.08,97.4359,0,2.2731633741348567
2012-05-01,8.2,0.16,1.8,0.09,97.6609,0,1.7379429374660749
2012-06-01,8.2,0.16,1.62,0.09,97.6663,0,1.653870448297634
2012-07-01,8.2,0.16,1.53,0.1,97.8713,0,1.4175114798464783
2012-08-01,8.1,0.13,1.68,0.1,97.4525,0,1.6859349154821235
2012-09-01,7.8,0.14,1.72,0.11,97.381,0,1.9497168982819613
2012-10-01,7.8,0.16,1.75,0.1,97.7193,0,2.1556780595369363
2012-11-01,7.7,0.16,1.65,0.09,98.0777,0,1.7960197033926262
2012-12-01,7.9,0.16,1.72,0.07,98.3101,0,1.7595049796895523
2013-01-01,8.0,0.14,1.91,0.07,98.3342,0,1.684061762098299
2013-02-01,7.7,0.15,1.98,0.1,98.7941,0,2.0181404902574807
2013-03-01,7.5,0.14,1.96,0.09,99.1921,0,1.5187472411246183
2013-04-01,7.6,0.15,1.76,0.06,99.1065,0,1.138808047576867
2013-05-01,7.5,0.11,1.93,0.04,99.1839,0,1.3903888279197085
2013-06-01,7.5,0.09,2.3,0.05,99.3897,0,1.7157935271568725
2013-07-01,7.3,0.09,2.58,0.04,99.0814,0,1.885471805415806
2013-08-01,7.2,0.08,2.74,0.04,99.6543,0,1.538809488600279
2013-09-01,7.2,0.08,2.81,0.02,100.161,0,1.0947341081747997
2013-10-01,7.2,0.09,2.62,0.05,100.082,0,0.8767991434911471
2013-11-01,6.9,0.08,2.72,0.07,100.3158,0,1.2328701961954458
2013-12-01,6.7,0.09,2.9,0.07,100.5175,0,1.5128383667573297
2014-01-01,6.6,0.07,2.86,0.04,100.1599,0,1.557758795574915
2014-02-01,6.7,0.07,2.71,0.05,100.9168,0,1.1204746347724948
2014-03-01,6.7,0.08,2.72,0.05,101.8942,0,1.6126949139408042
2014-04-01,6.2,0.09,2.71,0.03,101.9928,0,2.015125303606169
2014-05-01,6.3,0.09,2.56,0.03,102.3836,0,2.166947687079812
2014-06-01,6.1,0.1,2.6,0.04,102.735,0,2.0589816945944195
2014-07-01,6.2,0.09,2.54,0.03,102.9632,0,1.9742378703305974
2014-08-01,6.1,0.09,2.42,0.03,102.7688,0,1.7150983482969062
2014-09-01,5.9,0.09,2.53,0.02,103.0641,0,1.6840509711232077
2014-10-01,5.7,0.09,2.3,0.02,103.0764,0,1.6095417021513292
2014-11-01,5.8,0.09,2.33,0.02,103.7126,0,1.231524989320798
2014-12-01,5.6,0.12,2.21,0.03,103.7044,0,0.6531213919623191
2015-01-01,5.7,0.11,1.88,0.03,102.8905,0,-0.22993097820542818
2015-02-01,5.5,0.11,1.98,0.02,102.2335,0,-0.08703146293520536
2015-03-01,5.4,0.11,2.04,0.03,101.8914,0,-0.022031284423873476
2015-04-01,5.4,0.12,1.94,0.02,101.3355,0,-0.10403098939391064
2015-05-01,5.6,0.12,2.2,0.02,100.8883,0,0.03503321824429584
2015-06-01,5.3,0.13,2.36,0.02,100.571,0,0.1795718097550525
2015-07-01,5.2,0.13,2.32,0.03,101.2228,0,0.22568611104094582
2015-08-01,5.1,0.14,2.17,0.07,101.0367,0,0.2413037985344868
2015-09-01,5.0,0.14,2.17,0.02,100.7547,0,0.008842961634170088
2015-10-01,5.0,0.12,2.07,0.02,100.2675,0,0.12761656067050708
2015-11-01,5.1,0.12,2.26,0.12,99.5298,0,0.4363182169185187
2015-12-01,5.0,0.24,2.24,0.23,99.0417,0,0.6387247515364791
2016-01-01,4.8,0.34,2.09,0.26,99.5607,0,1.2375025026943876
2016-02-01,4.9,0.38,1.78,0.31,99.0445,0,0.8472775790126619
2016-03-01,5.0,0.36,1.89,0.29,98.3096,0,0.8916160965521946
2016-04-01,5.1,0.37,1.81,0.23,98.6421,0,1.1726257503534843
2016-05-01,4.8,0.37,1.81,0.27,98.4184,0,1.0784764621246223
2016-06-01,4.9,0.38,1.64,0.27,98.8833,0,1.0792865347959424
2016-07-01,4.8,0.39,1.5,0.3,98.9992,0,0.8683633430518256
2016-08-01,4.9,0.4,1.56,0.3,98.85,0,1.0553158595656864
2016-09-01,5.0,0.4,1.63,0.29,98.7457,0,1.5486446201652182
2016-10-01,4.9,0.4,1.76,0.33,98.7611,0,1.685924966243646
2016-11-01,4.7,0.41,2.14,0.45,98.3491,0,1.6843334719788938
2016-12-01,4.7,0.54,2.49,0.51,99.0214,0,2.0507989115119862
2017-01-01,4.7,0.65,2.43,0.51,98.7611,0,2.5103933482571117
2017-02-01,4.6,0.66,2.42,0.52,98.3646,0,2.8103616813294208
2017-03-01,4.4,0.79,2.48,0.74,99.0137,0,2.44119623655914
2017-04-01,4.4,0.9,2.3,0.8,100.0224,0,2.176223471915395
2017-05-01,4.4,0.91,2.3,0.89,100.1408,0,1.8563431667619756
2017-06-01,4.3,1.04,2.19,0.98,100.3471,0,1.640565809959127
2017-07-01,4.3,1.15,2.32,1.07,100.1068,0,1.7251073506566073
2017-08-01,4.4,1.16,2.21,1.01,99.6925,0,1.92812155729698
2017-09-01,4.3,1.15,2.2,1.03,99.7954,0,2.1805652303711787
2017-10-01,4.2,1.15,2.36,1.07,101.0247,0,2.020757753132485
2017-11-01,4.2,1.16,2.35,1.23,101.2664,0,2.172493864295566
2017-12-01,4.1,1.3,2.4,1.32,101.4644,0,2.129930719552253
2018-01-01,4.0,1.41,2.58,1.41,101.4625,0,2.151318868063945
2018-02-01,4.1,1.42,2.86,1.57,101.7085,0,2.263468931091861
2018-03-01,4.0,1.51,2.84,1.7,102.2067,0,2.3309497646499366
2018-04-01,4.0,1.69,2.87,1.76,103.3329,0,2.4709963021052994
2018-05-01,3.8,1.7,2.98,1.86,102.4024,0,2.781921607842497
2018-06-01,4.0,1.82,2.91,1.9,103.198,0,2.8075506935940187
2018-07-01,3.8,1.91,2.89,1.96,103.3646,0,2.854124785561929
2018-08-01,3.8,1.91,2.89,2.03,104.0327,0,2.6429238568742575
2018-09-01,3.7,1.95,3.0,2.13,104.1004,0,2.332055105808828
2018-10-01,3.8,2.19,3.15,2.25,103.9856,0,2.492032470218053
2018-11-01,3.8,2.2,3.12,2.33,104.0681,0,2.147328577667773
2018-12-01,3.9,2.27,2.83,2.37,104.0936,0,2.0023809043401064
2019-01-01,4.0,2.4,2.71,2.37,103.4021,0,1.4875893578291333
2019-02-01,3.8,2.4,2.68,2.39,102.8371,0,1.5188615351321877
2019-03-01,3.8,2.41,2.57,2.4,102.8757,0,1.8831863513063984
2019-04-01,3.7,2.42,2.53,2.38,102.274,0,2.000583470209061
2019-05-01,3.6,2.39,2.4,2.35,102.392,0,1.7959105553606136
2019-06-01,3.6,2.38,2.07,2.17,102.4375,0,1.671194894390049
2019-07-01,3.7,2.4,2.06,2.1,101.9408,0,1.826331335037068
2019-08-01,3.6,2.13,1.63,1.95,102.639,0,1.7376412106666406
2019-09-01,3.5,2.04,1.7,1.89,102.2917,0,1.6844977040391562
2019-10-01,3.6,1.83,1.71,1.65,101.4281,0,1.7339736996186295
2019-11-01,3.6,1.55,1.81,1.54,101.9372,0,2.092290394862917
2019-12-01,3.6,1.55,1.86,1.54,101.7003,0,2.3195274699624457
2020-01-01,3.6,1.55,1.76,1.52,101.0338,0,2.599767976845202
2020-02-01,3.5,1.58,1.5,1.52,101.3735,0,2.3413166797595197
2020-03-01,4.4,0.65,0.87,0.29,97.4078,1,1.4940399642909163
2020-04-01,14.8,0.05,0.66,0.14,84.5619,1,0.3130472940411133
2020-05-01,13.2,0.05,0.67,0.13,85.9604,0,0.1982013035848551
2020-06-01,11.0,0.08,0.73,0.16,91.5934,0,0.7166562831830481
2020-07-01,10.2,0.09,0.62,0.13,95.0256,0,0.9968647625897997
2020-08-01,8.4,0.1,0.65,0.1,95.9549,0,1.2810698495523853
2020-09-01,7.8,0.09,0.68,0.11,95.9669,0,1.3910228912373812
2020-10-01,6.9,0.09,0.79,0.1,96.7394,0,1.2303863428671624
2020-11-01,6.7,0.09,0.87,0.09,97.0816,0,1.1757452138405844
2020-12-01,6.7,0.09,0.93,0.09,98.363,0,1.3204191315779434
2021-01-01,6.4,0.09,1.08,0.08,98.8822,0,1.3738437137002402
2021-02-01,6.2,0.08,1.26,0.04,95.6149,0,1.6698167791706853
2021-03-01,6.1,0.07,1.61,0.03,98.3856,0,2.6678187820641908
2021-04-01,6.1,0.07,1.64,0.02,98.5587,0,4.133077115360573
2021-05-01,5.8,0.06,1.62,0.02,99.4333,0,4.918257089467626
2021-06-01,5.9,0.08,1.52,0.04,99.7987,0,5.295632620349999
2021-07-01,5.4,0.1,1.32,0.05,100.2519,0,5.245169381309234
2021-08-01,5.1,0.09,1.28,0.05,100.0437,0,5.152015301793966
2021-09-01,4.7,0.08,1.37,0.04,98.8579,0,5.351215590949132
2021-10-01,4.5,0.08,1.58,0.05,100.1861,0,6.235042390298062
2021-11-01,4.1,0.08,1.56,0.05,100.8654,0,6.901970403700863
2021-12-01,3.9,0.08,1.47,0.06,100.5726,0,7.174340285065539
2022-01-01,4.0,0.08,1.76,0.15,100.1856,0,7.558805726967832
2022-02-01,3.9,0.08,1.93,0.33,100.8064,0,7.937278766517819
2022-03-01,3.7,0.2,2.13,0.44,101.3907,0,8.572204966013853
2022-04-01,3.7,0.33,2.75,0.76,101.44,0,8.231750770777225
2022-05-01,3.6,0.77,2.9,0.98,101.3335,0,8.538171195642065
2022-06-01,3.6,1.21,3.14,1.49,101.018,0,8.979361103105798
2022-07-01,3.5,1.68,2.9,2.23,101.223,0,8.462576727730099
2022-08-01,3.6,2.33,2.9,2.63,101.0963,0,8.222579178218826
2022-09-01,3.5,2.56,3.52,3.13,101.2918,0,8.192106896425821
2022-10-01,3.6,3.08,3.98,3.72,101.2529,0,7.758813957693
2022-11-01,3.6,3.78,3.89,4.15,100.9552,0,7.122856456533988
2022-12-01,3.5,4.1,3.62,4.25,99.7664,0,6.404600402357152
2023-01-01,3.5,4.33,3.53,4.54,100.505,0,6.327178517960097
2023-02-01,3.6,4.57,3.75,4.65,100.6416,0,5.957820738137087
2023-03-01,3.5,4.65,3.66,4.69,101.0205,0,4.917719362889961
2023-04-01,3.4,4.83,3.46,4.92,101.253,0,4.950079879124369
2023-05-01,3.6,5.06,3.57,5.14,100.9286,0,4.131851231385042
2023-06-01,3.6,5.08,3.75,5.16,100.1196,0,3.070617072997095
2023-07-01,3.5,5.12,3.9,5.25,100.9067,0,3.287749268428297
2023-08-01,3.7,5.33,4.17,5.3,100.8393,0,3.722504803505289
2023-09-01,3.7,5.33,4.38,5.32,101.0211,0,3.687206638119256
2023-10-01,3.9,5.33,4.8,5.34,100.4689,0,3.2512659098611785
2023-11-01,3.7,5.33,4.5,5.27,100.8639,0,3.1333462745911866
2023-12-01,3.8,5.33,4.02,5.24,100.6031,0,3.3159099427102934
2024-01-01,3.7,5.33,4.06,5.22,99.2223,0,3.0883429864855705
2024-02-01,3.9,5.33,4.21,5.24,100.285,0,3.157074141648697
2024-03-01,3.9,5.33,4.21,5.24,100.4575,0,3.4868349120836584
2024-04-01,3.9,5.33,4.54,5.24,100.2434,0,3.3607951262196734
2024-05-01,3.9,5.33,4.48,5.25,100.863,0,3.244278584003113
2024-06-01,4.1,5.33,4.31,5.24,100.894,0,2.9702579486470926
2024-07-01,4.2,5.33,4.25,5.2,99.9757,0,2.9414757935583014
2024-08-01,4.2,5.33,3.87,5.05,100.4309,0,2.607144490692037
2024-09-01,4.1,5.13,3.72,4.72,99.8084,0,2.4264830315416708
2024-10-01,4.1,4.83,4.1,4.51,99.4695,0,2.578844053871343
2024-11-01,4.2,4.64,4.36,4.42,99.2925,0,2.719472461284833
2024-12-01,4.1,4.48,4.39,4.27,100.3273,0,2.870690967509981
2025-01-01,4.0,4.33,4.63,4.21,100.0647,0,2.9909783078999608
2025-02-01,4.2,4.33,4.45,4.22,101.0993,0,2.8015834477613355
2025-03-01,4.2,4.33,4.28,4.2,101.0404,0,2.381981462805549
2025-04-01,4.2,4.33,4.28,4.21,101.1279,0,2.32538823025783
2025-05-01,4.3,4.33,4.42,4.25,100.9655,0,2.3772651073680873
2025-06-01,4.1,4.33,4.38,4.23,101.4785,0,2.680453865910226
2025-07-01,4.3,4.33,4.39,4.25,101.894,0,2.742618052167134
2025-08-01,4.3,4.33,4.26,4.12,101.6247,0,2.9385917430316155
2025-09-01,4.4,4.22,4.12,3.92,101.668,0,3.0225715847133294
2025-11-01,4.5,3.88,4.09,3.78,101.081,0,2.6964439164939513
2025-12-01,4.4,3.72,4.14,3.59,101.6113,0,2.653304114557753
2026-01-01,4.3,3.64,4.21,3.57,101.5954,0,2.391201432150014
2026-02-01,4.4,3.64,4.13,3.6,102.344,0,2.4340041103732224
2026-03-01,4.3,3.64,4.25,3.61,101.7898,0,3.2859577528651984
